Cascade.status,KP,Year,Province,District,cas90_81_73,Point.Estimate,Lower.Bound,Upper.Bound,Method,Source
Size Estimate,MSM,2016,Bloemfontein,Mangaung Metropolitan,FALSE,3655,NA,NA,"The  median plausible estimate, Sept 2016 consensus","Brief Report of the South Africa Men’s Health Monitoring Survey, 2015-17: Waves 1 and 2, June 2018"
Prevalence,MSM,2016,Bloemfontein,Mangaung Metropolitan,FALSE,0.168,0.134,0.207,Unadjusted for RDS,"Brief Report of the South Africa Men’s Health Monitoring Survey, 2015-17: Waves 1 and 2, June 2018"
Aware of Status,MSM,2016,Bloemfontein,Mangaung Metropolitan,FALSE,0.455,0.325,0.619,Unadjusted for RDS,"Brief Report of the South Africa Men’s Health Monitoring Survey, 2015-17: Waves 1 and 2, June 2018"
On ART,MSM,2016,Bloemfontein,Mangaung Metropolitan,FALSE,0.8,0.547,1,Unadjusted for RDS,"Brief Report of the South Africa Men’s Health Monitoring Survey, 2015-17: Waves 1 and 2, June 2018"
Virally Suppressed,MSM,2016,Bloemfontein,Mangaung Metropolitan,FALSE,0.75,0.481,1,Unadjusted for RDS,"Brief Report of the South Africa Men’s Health Monitoring Survey, 2015-17: Waves 1 and 2, June 2018"
Size Estimate,MSM,2016,Eastern Cape,Alfred Nzo,FALSE,2802,NA,NA,Stakeholder Consensus,
Prevalence,MSM,2016,Eastern Cape,Alfred Nzo,FALSE,0.3,NA,NA,Stakeholder Consensus,
Aware of Status,MSM,2016,Eastern Cape,Alfred Nzo,FALSE,0.27,NA,NA,Stakeholder Consensus,
On ART,MSM,2016,Eastern Cape,Alfred Nzo,FALSE,0.63,NA,NA,Stakeholder Consensus,
Virally Suppressed,MSM,2016,Eastern Cape,Alfred Nzo,FALSE,0.702,NA,NA,Stakeholder Consensus,
Size Estimate,MSM,2016,Eastern Cape,Amathole,FALSE,3728,NA,NA,Stakeholder Consensus,
Prevalence,MSM,2016,Eastern Cape,Amathole,FALSE,0.3,NA,NA,Stakeholder Consensus,
Aware of Status,MSM,2016,Eastern Cape,Amathole,FALSE,0.27,NA,NA,Stakeholder Consensus,
On ART,MSM,2016,Eastern Cape,Amathole,FALSE,0.63,NA,NA,Stakeholder Consensus,
Virally Suppressed,MSM,2016,Eastern Cape,Amathole,FALSE,0.702,NA,NA,Stakeholder Consensus,
Size Estimate,MSM,2016,Eastern Cape,Buffalo City Metropolitan,FALSE,3601,NA,NA,Stakeholder Consensus,
Prevalence,MSM,2016,Eastern Cape,Buffalo City Metropolitan,FALSE,0.3,NA,NA,Stakeholder Consensus,
Aware of Status,MSM,2016,Eastern Cape,Buffalo City Metropolitan,FALSE,0.27,NA,NA,Stakeholder Consensus,
On ART,MSM,2016,Eastern Cape,Buffalo City Metropolitan,FALSE,0.63,NA,NA,Stakeholder Consensus,
Virally Suppressed,MSM,2016,Eastern Cape,Buffalo City Metropolitan,FALSE,0.702,NA,NA,Stakeholder Consensus,
Size Estimate,MSM,2016,Eastern Cape,Cacadu,FALSE,2215,NA,NA,Stakeholder Consensus,
Prevalence,MSM,2016,Eastern Cape,Cacadu,FALSE,0.3,NA,NA,Stakeholder Consensus,
Aware of Status,MSM,2016,Eastern Cape,Cacadu,FALSE,0.27,NA,NA,Stakeholder Consensus,
On ART,MSM,2016,Eastern Cape,Cacadu,FALSE,0.63,NA,NA,Stakeholder Consensus,
Virally Suppressed,MSM,2016,Eastern Cape,Cacadu,FALSE,0.702,NA,NA,Stakeholder Consensus,
Size Estimate,MSM,2016,Eastern Cape,Chris Hani,FALSE,3319,NA,NA,Stakeholder Consensus,
Prevalence,MSM,2016,Eastern Cape,Chris Hani,FALSE,0.3,NA,NA,Stakeholder Consensus,
Aware of Status,MSM,2016,Eastern Cape,Chris Hani,FALSE,0.27,NA,NA,Stakeholder Consensus,
On ART,MSM,2016,Eastern Cape,Chris Hani,FALSE,0.63,NA,NA,Stakeholder Consensus,
Virally Suppressed,MSM,2016,Eastern Cape,Chris Hani,FALSE,0.702,NA,NA,Stakeholder Consensus,
Size Estimate,MSM,2016,Eastern Cape,Joe Gqabi,FALSE,1466,NA,NA,Stakeholder Consensus,
Prevalence,MSM,2016,Eastern Cape,Joe Gqabi,FALSE,0.3,NA,NA,Stakeholder Consensus,
Aware of Status,MSM,2016,Eastern Cape,Joe Gqabi,FALSE,0.27,NA,NA,Stakeholder Consensus,
On ART,MSM,2016,Eastern Cape,Joe Gqabi,FALSE,0.63,NA,NA,Stakeholder Consensus,
Virally Suppressed,MSM,2016,Eastern Cape,Joe Gqabi,FALSE,0.702,NA,NA,Stakeholder Consensus,
Size Estimate,MSM,2016,Eastern Cape,Nelson Mandela Bay,FALSE,5654,NA,NA,Stakeholder Consensus,
Prevalence,MSM,2016,Eastern Cape,Nelson Mandela Bay,FALSE,0.3,NA,NA,Stakeholder Consensus,
Aware of Status,MSM,2016,Eastern Cape,Nelson Mandela Bay,FALSE,0.4,NA,NA,Stakeholder Consensus,
On ART,MSM,2016,Eastern Cape,Nelson Mandela Bay,FALSE,0.65,NA,NA,Stakeholder Consensus,
Virally Suppressed,MSM,2016,Eastern Cape,Nelson Mandela Bay,FALSE,0.702,NA,NA,Stakeholder Consensus,
Size Estimate,MSM,2016,Eastern Cape,Oliver Tambo,FALSE,5038,NA,NA,Stakeholder Consensus,
Prevalence,MSM,2016,Eastern Cape,Oliver Tambo,FALSE,0.3,NA,NA,Stakeholder Consensus,
Aware of Status,MSM,2016,Eastern Cape,Oliver Tambo,FALSE,0.27,NA,NA,Stakeholder Consensus,
On ART,MSM,2016,Eastern Cape,Oliver Tambo,FALSE,0.63,NA,NA,Stakeholder Consensus,
Virally Suppressed,MSM,2016,Eastern Cape,Oliver Tambo,FALSE,0.702,NA,NA,Stakeholder Consensus,
Size Estimate,MSM,2016,Free State,Fezile Dabi,FALSE,2425,NA,NA,Stakeholder Consensus,
Prevalence,MSM,2016,Free State,Fezile Dabi,FALSE,0.3,NA,NA,Stakeholder Consensus,
Aware of Status,MSM,2016,Free State,Fezile Dabi,FALSE,0.27,NA,NA,Stakeholder Consensus,
On ART,MSM,2016,Free State,Fezile Dabi,FALSE,0.63,NA,NA,Stakeholder Consensus,
Virally Suppressed,MSM,2016,Free State,Fezile Dabi,FALSE,0.702,NA,NA,Stakeholder Consensus,
Size Estimate,MSM,2016,Free State,Lejweleputswa,FALSE,3057,NA,NA,Stakeholder Consensus,
Prevalence,MSM,2016,Free State,Lejweleputswa,FALSE,0.3,NA,NA,Stakeholder Consensus,
Aware of Status,MSM,2016,Free State,Lejweleputswa,FALSE,0.27,NA,NA,Stakeholder Consensus,
On ART,MSM,2016,Free State,Lejweleputswa,FALSE,0.63,NA,NA,Stakeholder Consensus,
Virally Suppressed,MSM,2016,Free State,Lejweleputswa,FALSE,0.702,NA,NA,Stakeholder Consensus,
Size Estimate,MSM,2016,Free State,Thabo Mofutsanyane,FALSE,3153,NA,NA,Stakeholder Consensus,
Prevalence,MSM,2016,Free State,Thabo Mofutsanyane,FALSE,0.3,NA,NA,Stakeholder Consensus,
Aware of Status,MSM,2016,Free State,Thabo Mofutsanyane,FALSE,0.27,NA,NA,Stakeholder Consensus,
On ART,MSM,2016,Free State,Thabo Mofutsanyane,FALSE,0.63,NA,NA,Stakeholder Consensus,
Virally Suppressed,MSM,2016,Free State,Thabo Mofutsanyane,FALSE,0.702,NA,NA,Stakeholder Consensus,
Size Estimate,MSM,2016,Free State,Xhariep,FALSE,685,NA,NA,Stakeholder Consensus,
Prevalence,MSM,2016,Free State,Xhariep,FALSE,0.3,NA,NA,Stakeholder Consensus,
Aware of Status,MSM,2016,Free State,Xhariep,FALSE,0.27,NA,NA,Stakeholder Consensus,
On ART,MSM,2016,Free State,Xhariep,FALSE,0.63,NA,NA,Stakeholder Consensus,
Virally Suppressed,MSM,2016,Free State,Xhariep,FALSE,0.583,NA,NA,Stakeholder Consensus,
Size Estimate,MSM,2016,Gauteng,Johannesburg Metropolitan,FALSE,37549,NA,NA,"The  median plausible estimate, Sept 2016 consensus","Brief Report of the South Africa Men’s Health Monitoring Survey, 2015-17: Waves 1 and 2, June 2018"
Prevalence,MSM,2016,Gauteng,Johannesburg Metropolitan,FALSE,0.434,0.381,0.493,Unadjusted for RDS,"Brief Report of the South Africa Men’s Health Monitoring Survey, 2015-17: Waves 1 and 2, June 2018"
Aware of Status,MSM,2016,Gauteng,Johannesburg Metropolitan,FALSE,0.667,0.567,0.779,Unadjusted for RDS,"Brief Report of the South Africa Men’s Health Monitoring Survey, 2015-17: Waves 1 and 2, June 2018"
On ART,MSM,2016,Gauteng,Johannesburg Metropolitan,FALSE,0.646,0.526,0.784,Unadjusted for RDS,"Brief Report of the South Africa Men’s Health Monitoring Survey, 2015-17: Waves 1 and 2, June 2018"
Virally Suppressed,MSM,2016,Gauteng,Johannesburg Metropolitan,FALSE,0.75,0.596,0.943,Unadjusted for RDS,"Brief Report of the South Africa Men’s Health Monitoring Survey, 2015-17: Waves 1 and 2, June 2018"
Size Estimate,MSM,2018,Gauteng,Pretoria,FALSE,5965,4660,8286,Unique Object Multiplier,Survey Data Analysis
Prevalence,MSM,2018,Gauteng,Pretoria,FALSE,0.447,0.386,0.515,Unadjusted for RDS,"BRIEF REPORT OF THE SOUTH AFRICA MEN’S HEALTH MONITORING SURVEY (SAMHMS), May 2019, ADDENDUM FOR eTHEKWINI AND PRETORIA"
Aware of Status,MSM,2018,Gauteng,Pretoria,FALSE,0.602,0.497,0.723,Unadjusted for RDS,"BRIEF REPORT OF THE SOUTH AFRICA MEN’S HEALTH MONITORING SURVEY (SAMHMS), May 2019, ADDENDUM FOR eTHEKWINI AND PRETORIA"
On ART,MSM,2018,Gauteng,Pretoria,FALSE,0.896,0.731,1,Unadjusted for RDS,"BRIEF REPORT OF THE SOUTH AFRICA MEN’S HEALTH MONITORING SURVEY (SAMHMS), May 2019, ADDENDUM FOR eTHEKWINI AND PRETORIA"
Virally Suppressed,MSM,2018,Gauteng,Pretoria,FALSE,0.971,0.79,1,Unadjusted for RDS,"BRIEF REPORT OF THE SOUTH AFRICA MEN’S HEALTH MONITORING SURVEY (SAMHMS), May 2019, ADDENDUM FOR eTHEKWINI AND PRETORIA"
Size Estimate,MSM,2016,Gauteng,City of Tshwane Metropolitan,FALSE,24466,NA,NA,Stakeholder Consensus,
Prevalence,MSM,2016,Gauteng,City of Tshwane Metropolitan,FALSE,0.3,NA,NA,Stakeholder Consensus,
Aware of Status,MSM,2016,Gauteng,City of Tshwane Metropolitan,FALSE,0.53,NA,NA,Stakeholder Consensus,
On ART,MSM,2016,Gauteng,City of Tshwane Metropolitan,FALSE,0.66,NA,NA,Stakeholder Consensus,
Virally Suppressed,MSM,2016,Gauteng,City of Tshwane Metropolitan,FALSE,0.76,NA,NA,Stakeholder Consensus,
Size Estimate,MSM,2016,Gauteng,Ekurhuleni Metropolitan,FALSE,27238,NA,NA,Stakeholder Consensus,
Prevalence,MSM,2016,Gauteng,Ekurhuleni Metropolitan,FALSE,0.3,NA,NA,Stakeholder Consensus,
Aware of Status,MSM,2016,Gauteng,Ekurhuleni Metropolitan,FALSE,0.53,NA,NA,Stakeholder Consensus,
On ART,MSM,2016,Gauteng,Ekurhuleni Metropolitan,FALSE,0.66,NA,NA,Stakeholder Consensus,
Virally Suppressed,MSM,2016,Gauteng,Ekurhuleni Metropolitan,FALSE,0.76,NA,NA,Stakeholder Consensus,
Size Estimate,MSM,2016,Gauteng,Sedibeng,FALSE,4740,NA,NA,Stakeholder Consensus,
Prevalence,MSM,2016,Gauteng,Sedibeng,FALSE,0.3,NA,NA,Stakeholder Consensus,
Aware of Status,MSM,2016,Gauteng,Sedibeng,FALSE,0.27,NA,NA,Stakeholder Consensus,
On ART,MSM,2016,Gauteng,Sedibeng,FALSE,0.63,NA,NA,Stakeholder Consensus,
Virally Suppressed,MSM,2016,Gauteng,Sedibeng,FALSE,0.702,NA,NA,Stakeholder Consensus,
Size Estimate,MSM,2016,Gauteng,West Rand,FALSE,4603,NA,NA,Stakeholder Consensus,
Prevalence,MSM,2016,Gauteng,West Rand,FALSE,0.3,NA,NA,Stakeholder Consensus,
Aware of Status,MSM,2016,Gauteng,West Rand,FALSE,0.27,NA,NA,Stakeholder Consensus,
On ART,MSM,2016,Gauteng,West Rand,FALSE,0.63,NA,NA,Stakeholder Consensus,
Virally Suppressed,MSM,2016,Gauteng,West Rand,FALSE,0.702,NA,NA,Stakeholder Consensus,
Size Estimate,MSM,2018,Kwa-Zulu Natal,eThekwini,FALSE,27393,NA,NA,Stakeholder Consensus,2.2% of male >=15 years old
Prevalence,MSM,2018,Kwa-Zulu Natal,eThekwini,FALSE,0.515,0.447,0.591,Unadjusted for RDS,"BRIEF REPORT OF THE SOUTH AFRICA MEN’S HEALTH MONITORING SURVEY (SAMHMS), May 2019, ADDENDUM FOR eTHEKWINI AND PRETORIA"
Aware of Status,MSM,2018,Kwa-Zulu Natal,eThekwini,FALSE,0.778,0.662,0.91,Unadjusted for RDS,"BRIEF REPORT OF THE SOUTH AFRICA MEN’S HEALTH MONITORING SURVEY (SAMHMS), May 2019, ADDENDUM FOR eTHEKWINI AND PRETORIA"
On ART,MSM,2018,Kwa-Zulu Natal,eThekwini,FALSE,0.728,0.601,0.874,Unadjusted for RDS,"BRIEF REPORT OF THE SOUTH AFRICA MEN’S HEALTH MONITORING SURVEY (SAMHMS), May 2019, ADDENDUM FOR eTHEKWINI AND PRETORIA"
Virally Suppressed,MSM,2018,Kwa-Zulu Natal,eThekwini,FALSE,0.965,0.794,1,Unadjusted for RDS,"BRIEF REPORT OF THE SOUTH AFRICA MEN’S HEALTH MONITORING SURVEY (SAMHMS), May 2019, ADDENDUM FOR eTHEKWINI AND PRETORIA"
Size Estimate,MSM,2016,Kwa-Zulu Natal,Amajuba,FALSE,2151,NA,NA,Stakeholder Consensus,
Prevalence,MSM,2016,Kwa-Zulu Natal,Amajuba,FALSE,0.3,NA,NA,Stakeholder Consensus,
Aware of Status,MSM,2016,Kwa-Zulu Natal,Amajuba,FALSE,0.27,NA,NA,Stakeholder Consensus,
On ART,MSM,2016,Kwa-Zulu Natal,Amajuba,FALSE,0.63,NA,NA,Stakeholder Consensus,
Virally Suppressed,MSM,2016,Kwa-Zulu Natal,Amajuba,FALSE,0.702,NA,NA,Stakeholder Consensus,
Size Estimate,MSM,2016,Kwa-Zulu Natal,Harry Gwala,FALSE,1760,NA,NA,Stakeholder Consensus,
Prevalence,MSM,2016,Kwa-Zulu Natal,Harry Gwala,FALSE,0.3,NA,NA,Stakeholder Consensus,
Aware of Status,MSM,2016,Kwa-Zulu Natal,Harry Gwala,FALSE,0.27,NA,NA,Stakeholder Consensus,
On ART,MSM,2016,Kwa-Zulu Natal,Harry Gwala,FALSE,0.63,NA,NA,Stakeholder Consensus,
Virally Suppressed,MSM,2016,Kwa-Zulu Natal,Harry Gwala,FALSE,0.702,NA,NA,Stakeholder Consensus,
Size Estimate,MSM,2016,Kwa-Zulu Natal,Ugu,FALSE,3039,NA,NA,Stakeholder Consensus,
Prevalence,MSM,2016,Kwa-Zulu Natal,Ugu,FALSE,0.3,NA,NA,Stakeholder Consensus,
Aware of Status,MSM,2016,Kwa-Zulu Natal,Ugu,FALSE,0.27,NA,NA,Stakeholder Consensus,
On ART,MSM,2016,Kwa-Zulu Natal,Ugu,FALSE,0.63,NA,NA,Stakeholder Consensus,
Virally Suppressed,MSM,2016,Kwa-Zulu Natal,Ugu,FALSE,0.702,NA,NA,Stakeholder Consensus,
Size Estimate,MSM,2016,Kwa-Zulu Natal,Umkhanyakude,FALSE,2251,NA,NA,Stakeholder Consensus,
Prevalence,MSM,2016,Kwa-Zulu Natal,Umkhanyakude,FALSE,0.3,NA,NA,Stakeholder Consensus,
Aware of Status,MSM,2016,Kwa-Zulu Natal,Umkhanyakude,FALSE,0.27,NA,NA,Stakeholder Consensus,
On ART,MSM,2016,Kwa-Zulu Natal,Umkhanyakude,FALSE,0.63,NA,NA,Stakeholder Consensus,
Virally Suppressed,MSM,2016,Kwa-Zulu Natal,Umkhanyakude,FALSE,0.702,NA,NA,Stakeholder Consensus,
Size Estimate,MSM,2016,Kwa-Zulu Natal,Umzinyathi,FALSE,1763,NA,NA,Stakeholder Consensus,
Prevalence,MSM,2016,Kwa-Zulu Natal,Umzinyathi,FALSE,0.3,NA,NA,Stakeholder Consensus,
Aware of Status,MSM,2016,Kwa-Zulu Natal,Umzinyathi,FALSE,0.27,NA,NA,Stakeholder Consensus,
On ART,MSM,2016,Kwa-Zulu Natal,Umzinyathi,FALSE,0.63,NA,NA,Stakeholder Consensus,
Virally Suppressed,MSM,2016,Kwa-Zulu Natal,Umzinyathi,FALSE,0.702,NA,NA,Stakeholder Consensus,
Size Estimate,MSM,2016,Kwa-Zulu Natal,Uthukela,FALSE,2614,NA,NA,Stakeholder Consensus,
Prevalence,MSM,2016,Kwa-Zulu Natal,Uthukela,FALSE,0.3,NA,NA,Stakeholder Consensus,
Aware of Status,MSM,2016,Kwa-Zulu Natal,Uthukela,FALSE,0.27,NA,NA,Stakeholder Consensus,
On ART,MSM,2016,Kwa-Zulu Natal,Uthukela,FALSE,0.63,NA,NA,Stakeholder Consensus,
Virally Suppressed,MSM,2016,Kwa-Zulu Natal,Uthukela,FALSE,0.702,NA,NA,Stakeholder Consensus,
Size Estimate,MSM,2016,Kwa-Zulu Natal,Uthungulu,FALSE,3756,NA,NA,Stakeholder Consensus,
Prevalence,MSM,2016,Kwa-Zulu Natal,Uthungulu,FALSE,0.3,NA,NA,Stakeholder Consensus,
Aware of Status,MSM,2016,Kwa-Zulu Natal,Uthungulu,FALSE,0.27,NA,NA,Stakeholder Consensus,
On ART,MSM,2016,Kwa-Zulu Natal,Uthungulu,FALSE,0.63,NA,NA,Stakeholder Consensus,
Virally Suppressed,MSM,2016,Kwa-Zulu Natal,Uthungulu,FALSE,0.702,NA,NA,Stakeholder Consensus,
Size Estimate,MSM,2016,Kwa-Zulu Natal,Zululand,FALSE,2974,NA,NA,Stakeholder Consensus,
Prevalence,MSM,2016,Kwa-Zulu Natal,Zululand,FALSE,0.3,NA,NA,Stakeholder Consensus,
Aware of Status,MSM,2016,Kwa-Zulu Natal,Zululand,FALSE,0.27,NA,NA,Stakeholder Consensus,
On ART,MSM,2016,Kwa-Zulu Natal,Zululand,FALSE,0.63,NA,NA,Stakeholder Consensus,
Virally Suppressed,MSM,2016,Kwa-Zulu Natal,Zululand,FALSE,0.702,NA,NA,Stakeholder Consensus,
Size Estimate,MSM,2016,Kwa-Zulu Natal,eThekwini Metropolitan,FALSE,27394,NA,NA,Stakeholder Consensus,
Prevalence,MSM,2016,Kwa-Zulu Natal,eThekwini Metropolitan,FALSE,0.3,NA,NA,Stakeholder Consensus,
Aware of Status,MSM,2016,Kwa-Zulu Natal,eThekwini Metropolitan,FALSE,0.53,NA,NA,Stakeholder Consensus,
On ART,MSM,2016,Kwa-Zulu Natal,eThekwini Metropolitan,FALSE,0.66,NA,NA,Stakeholder Consensus,
Virally Suppressed,MSM,2016,Kwa-Zulu Natal,eThekwini Metropolitan,FALSE,0.76,NA,NA,Stakeholder Consensus,
Size Estimate,MSM,2016,Kwa-Zulu Natal,iLembe,FALSE,2590,NA,NA,Stakeholder Consensus,
Prevalence,MSM,2016,Kwa-Zulu Natal,iLembe,FALSE,0.3,NA,NA,Stakeholder Consensus,
Aware of Status,MSM,2016,Kwa-Zulu Natal,iLembe,FALSE,0.27,NA,NA,Stakeholder Consensus,
On ART,MSM,2016,Kwa-Zulu Natal,iLembe,FALSE,0.63,NA,NA,Stakeholder Consensus,
Virally Suppressed,MSM,2016,Kwa-Zulu Natal,iLembe,FALSE,0.702,NA,NA,Stakeholder Consensus,
Size Estimate,MSM,2016,Kwa-Zulu Natal,uMgungundlovu,FALSE,4758,NA,NA,Stakeholder Consensus,
Prevalence,MSM,2016,Kwa-Zulu Natal,uMgungundlovu,FALSE,0.3,NA,NA,Stakeholder Consensus,
Aware of Status,MSM,2016,Kwa-Zulu Natal,uMgungundlovu,FALSE,0.27,NA,NA,Stakeholder Consensus,
On ART,MSM,2016,Kwa-Zulu Natal,uMgungundlovu,FALSE,0.63,NA,NA,Stakeholder Consensus,
Virally Suppressed,MSM,2016,Kwa-Zulu Natal,uMgungundlovu,FALSE,0.702,NA,NA,Stakeholder Consensus,
Size Estimate,MSM,2016,Limpopo,Capricorn,FALSE,5270,NA,NA,Stakeholder Consensus,
Prevalence,MSM,2016,Limpopo,Capricorn,FALSE,0.223,NA,NA,Stakeholder Consensus,
Aware of Status,MSM,2016,Limpopo,Capricorn,FALSE,0.247,NA,NA,Stakeholder Consensus,
On ART,MSM,2016,Limpopo,Capricorn,FALSE,0.905,NA,NA,Stakeholder Consensus,
Virally Suppressed,MSM,2016,Limpopo,Capricorn,FALSE,1,NA,NA,Stakeholder Consensus,
Size Estimate,MSM,2016,Limpopo,Mopani,FALSE,4418,NA,NA,Stakeholder Consensus,
Prevalence,MSM,2016,Limpopo,Mopani,FALSE,0.3,NA,NA,Stakeholder Consensus,
Aware of Status,MSM,2016,Limpopo,Mopani,FALSE,0.27,NA,NA,Stakeholder Consensus,
On ART,MSM,2016,Limpopo,Mopani,FALSE,0.63,NA,NA,Stakeholder Consensus,
Virally Suppressed,MSM,2016,Limpopo,Mopani,FALSE,0.702,NA,NA,Stakeholder Consensus,
Size Estimate,MSM,2016,Limpopo,Sekhukhune,FALSE,4221,NA,NA,Stakeholder Consensus,
Prevalence,MSM,2016,Limpopo,Sekhukhune,FALSE,0.3,NA,NA,Stakeholder Consensus,
Aware of Status,MSM,2016,Limpopo,Sekhukhune,FALSE,0.27,NA,NA,Stakeholder Consensus,
On ART,MSM,2016,Limpopo,Sekhukhune,FALSE,0.63,NA,NA,Stakeholder Consensus,
Virally Suppressed,MSM,2016,Limpopo,Sekhukhune,FALSE,0.702,NA,NA,Stakeholder Consensus,
Size Estimate,MSM,2016,Limpopo,Vhembe,FALSE,5077,NA,NA,Stakeholder Consensus,
Prevalence,MSM,2016,Limpopo,Vhembe,FALSE,0.3,NA,NA,Stakeholder Consensus,
Aware of Status,MSM,2016,Limpopo,Vhembe,FALSE,0.27,NA,NA,Stakeholder Consensus,
On ART,MSM,2016,Limpopo,Vhembe,FALSE,0.63,NA,NA,Stakeholder Consensus,
Virally Suppressed,MSM,2016,Limpopo,Vhembe,FALSE,0.702,NA,NA,Stakeholder Consensus,
Size Estimate,MSM,2016,Limpopo,Waterberg,FALSE,3373,NA,NA,Stakeholder Consensus,
Prevalence,MSM,2016,Limpopo,Waterberg,FALSE,0.3,NA,NA,Stakeholder Consensus,
Aware of Status,MSM,2016,Limpopo,Waterberg,FALSE,0.27,NA,NA,Stakeholder Consensus,
On ART,MSM,2016,Limpopo,Waterberg,FALSE,0.63,NA,NA,Stakeholder Consensus,
Virally Suppressed,MSM,2016,Limpopo,Waterberg,FALSE,0.702,NA,NA,Stakeholder Consensus,
Size Estimate,MSM,2016,Mahikeng,NM Molema,FALSE,3779,NA,NA,"The  median plausible estimate, Sept 2016 consensus","Brief Report of the South Africa Men’s Health Monitoring Survey, 2015-17: Waves 1 and 2, June 2018"
Prevalence,MSM,2016,Mahikeng,NM Molema,FALSE,0.18,0.145,0.221,Unadjusted for RDS,"Brief Report of the South Africa Men’s Health Monitoring Survey, 2015-17: Waves 1 and 2, June 2018"
Aware of Status,MSM,2016,Mahikeng,NM Molema,FALSE,0.413,0.292,0.567,Unadjusted for RDS,"Brief Report of the South Africa Men’s Health Monitoring Survey, 2015-17: Waves 1 and 2, June 2018"
On ART,MSM,2016,Mahikeng,NM Molema,FALSE,0.711,0.468,1,Unadjusted for RDS,"Brief Report of the South Africa Men’s Health Monitoring Survey, 2015-17: Waves 1 and 2, June 2018"
Virally Suppressed,MSM,2016,Mahikeng,NM Molema,FALSE,0.702,0.424,1,Unadjusted for RDS,"Brief Report of the South Africa Men’s Health Monitoring Survey, 2015-17: Waves 1 and 2, June 2018"
Size Estimate,MSM,2013,Mpumalanga,Gert Sibande,FALSE,4883,,,Stakeholder Consensus,
Prevalence,MSM,2013,Mpumalanga,Gert Sibande,FALSE,0.358,0.294,0.432,Stakeholder Consensus,
Aware of Status,MSM,2013,Mpumalanga,Gert Sibande,FALSE,0.282,0.191,0.4,Stakeholder Consensus,
On ART,MSM,2013,Mpumalanga,Gert Sibande,FALSE,0.484,0.271,0.798,Stakeholder Consensus,
Virally Suppressed,MSM,2013,Mpumalanga,Gert Sibande,FALSE,NA,NA,NA,Stakeholder Consensus,
Size Estimate,MSM,2013,Mpumalanga,Ehlanzeni,FALSE,7311,NA,NA,Stakeholder Consensus,
Prevalence,MSM,2013,Mpumalanga,Ehlanzeni,FALSE,0.208,0.16,0.267,Stakeholder Consensus,
Aware of Status,MSM,2013,Mpumalanga,Ehlanzeni,FALSE,0.145,0.066,0.276,Stakeholder Consensus,
On ART,MSM,2013,Mpumalanga,Ehlanzeni,FALSE,0.667,0.245,1,Stakeholder Consensus,
Virally Suppressed,MSM,2013,Mpumalanga,Ehlanzeni,FALSE,NA,NA,NA,Stakeholder Consensus,
Size Estimate,MSM,2016,Mpumalanga,Ehlanzeni,FALSE,7311,NA,NA,Stakeholder Consensus,
Prevalence,MSM,2016,Mpumalanga,Ehlanzeni,FALSE,0.3,NA,NA,Stakeholder Consensus,
Aware of Status,MSM,2016,Mpumalanga,Ehlanzeni,FALSE,0.27,NA,NA,Stakeholder Consensus,
On ART,MSM,2016,Mpumalanga,Ehlanzeni,FALSE,0.63,NA,NA,Stakeholder Consensus,
Virally Suppressed,MSM,2016,Mpumalanga,Ehlanzeni,FALSE,0.702,NA,NA,Stakeholder Consensus,
Size Estimate,MSM,2016,Mpumalanga,Gert Sibande,FALSE,4883,NA,NA,Stakeholder Consensus,
Prevalence,MSM,2016,Mpumalanga,Gert Sibande,FALSE,0.3,NA,NA,Stakeholder Consensus,
Aware of Status,MSM,2016,Mpumalanga,Gert Sibande,FALSE,0.27,NA,NA,Stakeholder Consensus,
On ART,MSM,2016,Mpumalanga,Gert Sibande,FALSE,0.63,NA,NA,Stakeholder Consensus,
Virally Suppressed,MSM,2016,Mpumalanga,Gert Sibande,FALSE,0.702,NA,NA,Stakeholder Consensus,
Size Estimate,MSM,2016,Mpumalanga,Nkangala,FALSE,6558,NA,NA,Stakeholder Consensus,
Prevalence,MSM,2016,Mpumalanga,Nkangala,FALSE,0.3,NA,NA,Stakeholder Consensus,
Aware of Status,MSM,2016,Mpumalanga,Nkangala,FALSE,0.27,NA,NA,Stakeholder Consensus,
On ART,MSM,2016,Mpumalanga,Nkangala,FALSE,0.63,NA,NA,Stakeholder Consensus,
Virally Suppressed,MSM,2016,Mpumalanga,Nkangala,FALSE,0.702,NA,NA,Stakeholder Consensus,
Size Estimate,MSM,2016,North West,Bojanala Platinum,FALSE,8299,NA,NA,Stakeholder Consensus,
Prevalence,MSM,2016,North West,Bojanala Platinum,FALSE,0.3,NA,NA,Stakeholder Consensus,
Aware of Status,MSM,2016,North West,Bojanala Platinum,FALSE,0.27,NA,NA,Stakeholder Consensus,
On ART,MSM,2016,North West,Bojanala Platinum,FALSE,0.63,NA,NA,Stakeholder Consensus,
Virally Suppressed,MSM,2016,North West,Bojanala Platinum,FALSE,0.702,NA,NA,Stakeholder Consensus,
Size Estimate,MSM,2016,North West,Dr Kenneth Kaunda,FALSE,3443,NA,NA,Stakeholder Consensus,
Prevalence,MSM,2016,North West,Dr Kenneth Kaunda,FALSE,0.3,NA,NA,Stakeholder Consensus,
Aware of Status,MSM,2016,North West,Dr Kenneth Kaunda,FALSE,0.27,NA,NA,Stakeholder Consensus,
On ART,MSM,2016,North West,Dr Kenneth Kaunda,FALSE,0.63,NA,NA,Stakeholder Consensus,
Virally Suppressed,MSM,2016,North West,Dr Kenneth Kaunda,FALSE,0.702,NA,NA,Stakeholder Consensus,
Size Estimate,MSM,2016,North West,Dr Ruth Segomotsi Mompati,FALSE,1985,NA,NA,Stakeholder Consensus,
Prevalence,MSM,2016,North West,Dr Ruth Segomotsi Mompati,FALSE,0.3,NA,NA,Stakeholder Consensus,
Aware of Status,MSM,2016,North West,Dr Ruth Segomotsi Mompati,FALSE,0.27,NA,NA,Stakeholder Consensus,
On ART,MSM,2016,North West,Dr Ruth Segomotsi Mompati,FALSE,0.63,NA,NA,Stakeholder Consensus,
Virally Suppressed,MSM,2016,North West,Dr Ruth Segomotsi Mompati,FALSE,0.702,NA,NA,Stakeholder Consensus,
Size Estimate,MSM,2016,North West,Ngaka Modiri Molema,FALSE,3779,NA,NA,Stakeholder Consensus,
Prevalence,MSM,2016,North West,Ngaka Modiri Molema,FALSE,0.182,NA,NA,Stakeholder Consensus,
Aware of Status,MSM,2016,North West,Ngaka Modiri Molema,FALSE,0.293,NA,NA,Stakeholder Consensus,
On ART,MSM,2016,North West,Ngaka Modiri Molema,FALSE,0.889,NA,NA,Stakeholder Consensus,
Virally Suppressed,MSM,2016,North West,Ngaka Modiri Molema,FALSE,1,NA,NA,Stakeholder Consensus,
Size Estimate,MSM,2016,Northern Cape,Frances Baard,FALSE,1792,NA,NA,Stakeholder Consensus,
Prevalence,MSM,2016,Northern Cape,Frances Baard,FALSE,0.3,NA,NA,Stakeholder Consensus,
Aware of Status,MSM,2016,Northern Cape,Frances Baard,FALSE,0.27,NA,NA,Stakeholder Consensus,
On ART,MSM,2016,Northern Cape,Frances Baard,FALSE,0.63,NA,NA,Stakeholder Consensus,
Virally Suppressed,MSM,2016,Northern Cape,Frances Baard,FALSE,0.702,NA,NA,Stakeholder Consensus,
Size Estimate,MSM,2016,Northern Cape,John Taolo Gaetsewe,FALSE,980,NA,NA,Stakeholder Consensus,
Prevalence,MSM,2016,Northern Cape,John Taolo Gaetsewe,FALSE,0.3,NA,NA,Stakeholder Consensus,
Aware of Status,MSM,2016,Northern Cape,John Taolo Gaetsewe,FALSE,0.27,NA,NA,Stakeholder Consensus,
On ART,MSM,2016,Northern Cape,John Taolo Gaetsewe,FALSE,0.63,NA,NA,Stakeholder Consensus,
Virally Suppressed,MSM,2016,Northern Cape,John Taolo Gaetsewe,FALSE,0.702,NA,NA,Stakeholder Consensus,
Size Estimate,MSM,2016,Northern Cape,Namakwa,FALSE,598,NA,NA,Stakeholder Consensus,
Prevalence,MSM,2016,Northern Cape,Namakwa,FALSE,0.3,NA,NA,Stakeholder Consensus,
Aware of Status,MSM,2016,Northern Cape,Namakwa,FALSE,0.27,NA,NA,Stakeholder Consensus,
On ART,MSM,2016,Northern Cape,Namakwa,FALSE,0.63,NA,NA,Stakeholder Consensus,
Virally Suppressed,MSM,2016,Northern Cape,Namakwa,FALSE,0.583,NA,NA,Stakeholder Consensus,
Size Estimate,MSM,2016,Northern Cape,Pixley ka Seme,FALSE,872,NA,NA,"The  median plausible estimate, Sept 2016 consensus","Brief Report of the South Africa Men’s Health Monitoring Survey, 2015-17: Waves 1 and 2, June 2018"
Prevalence,MSM,2016,Northern Cape,Pixley ka Seme,FALSE,0.3,NA,NA,Unadjusted for RDS,"Brief Report of the South Africa Men’s Health Monitoring Survey, 2015-17: Waves 1 and 2, June 2018"
Aware of Status,MSM,2016,Northern Cape,Pixley ka Seme,FALSE,0.27,NA,NA,Unadjusted for RDS,"Brief Report of the South Africa Men’s Health Monitoring Survey, 2015-17: Waves 1 and 2, June 2018"
On ART,MSM,2016,Northern Cape,Pixley ka Seme,FALSE,0.63,NA,NA,Unadjusted for RDS,"Brief Report of the South Africa Men’s Health Monitoring Survey, 2015-17: Waves 1 and 2, June 2018"
Virally Suppressed,MSM,2016,Northern Cape,Pixley ka Seme,FALSE,0.583,NA,NA,Unadjusted for RDS,"Brief Report of the South Africa Men’s Health Monitoring Survey, 2015-17: Waves 1 and 2, June 2018"
Size Estimate,MSM,2016,Northern Cape,Zwelentlanga Fatman Mgcawu,FALSE,1203,NA,NA,Extrapolated data; September 2016 and February 2017 Stakeholder Consensus workshops,"Brief Report of the South Africa Men’s Health Monitoring Survey, 2015-17: Waves 1 and 2, June 2018"
Prevalence,MSM,2016,Northern Cape,Zwelentlanga Fatman Mgcawu,FALSE,0.3,NA,NA,Unadjusted for RDS,"Brief Report of the South Africa Men’s Health Monitoring Survey, 2015-17: Waves 1 and 2, June 2018"
Aware of Status,MSM,2016,Northern Cape,Zwelentlanga Fatman Mgcawu,FALSE,0.27,NA,NA,Unadjusted for RDS,"Brief Report of the South Africa Men’s Health Monitoring Survey, 2015-17: Waves 1 and 2, June 2018"
On ART,MSM,2016,Northern Cape,Zwelentlanga Fatman Mgcawu,FALSE,0.63,NA,NA,Unadjusted for RDS,"Brief Report of the South Africa Men’s Health Monitoring Survey, 2015-17: Waves 1 and 2, June 2018"
Virally Suppressed,MSM,2016,Northern Cape,Zwelentlanga Fatman Mgcawu,FALSE,0.702,NA,NA,Unadjusted for RDS,"Brief Report of the South Africa Men’s Health Monitoring Survey, 2015-17: Waves 1 and 2, June 2018"
Size Estimate,MSM,2016,Gauteng,Capricorn ,FALSE,5270,NA,NA,Extrapolated data; September 2016 and February 2017 Stakeholder Consensus workshops,"Brief Report of the South Africa Men’s Health Monitoring Survey, 2015-17: Waves 1 and 2, June 2018"
Prevalence,MSM,2016,Gauteng,Capricorn ,FALSE,0.23,0.183,0.284,Unadjusted for RDS,"Brief Report of the South Africa Men’s Health Monitoring Survey, 2015-17: Waves 1 and 2, June 2018"
Aware of Status,MSM,2016,Gauteng,Capricorn ,FALSE,0.294,0.19,0.434,Unadjusted for RDS,"Brief Report of the South Africa Men’s Health Monitoring Survey, 2015-17: Waves 1 and 2, June 2018"
On ART,MSM,2016,Gauteng,Capricorn ,FALSE,0.76,0.458,1,Unadjusted for RDS,"Brief Report of the South Africa Men’s Health Monitoring Survey, 2015-17: Waves 1 and 2, June 2018"
Virally Suppressed,MSM,2016,Gauteng,Capricorn ,FALSE,0.702,0.364,1,Unadjusted for RDS,"Brief Report of the South Africa Men’s Health Monitoring Survey, 2015-17: Waves 1 and 2, June 2018"
Size Estimate,MSM,2016,Port Elizabeth,Nelson Mandela Bay Metropolitan ,FALSE,5654,NA,NA,Stakeholder Consensus,
Prevalence,MSM,2016,Port Elizabeth,Nelson Mandela Bay Metropolitan ,FALSE,0.169,0.136,0.208,Stakeholder Consensus,
Aware of Status,MSM,2016,Port Elizabeth,Nelson Mandela Bay Metropolitan ,FALSE,0.484,0.351,0.649,Stakeholder Consensus,
On ART,MSM,2016,Port Elizabeth,Nelson Mandela Bay Metropolitan ,FALSE,0.841,0.592,1,Stakeholder Consensus,
Virally Suppressed,MSM,2016,Port Elizabeth,Nelson Mandela Bay Metropolitan ,FALSE,0.75,0.503,1,Stakeholder Consensus,
Size Estimate,MSM,2016,Western Cape,Cape Town Metropolitan,FALSE,29901,NA,NA,Stakeholder Consensus,
Prevalence,MSM,2016,Western Cape,Cape Town Metropolitan,FALSE,0.264,0.222,0.31,Stakeholder Consensus,
Aware of Status,MSM,2016,Western Cape,Cape Town Metropolitan,FALSE,0.614,0.493,0.755,Stakeholder Consensus,
On ART,MSM,2016,Western Cape,Cape Town Metropolitan,FALSE,0.652,0.495,0.842,Stakeholder Consensus,
Virally Suppressed,MSM,2016,Western Cape,Cape Town Metropolitan,FALSE,0.75,0.551,1,Stakeholder Consensus,
Size Estimate,MSM,2016,Western Cape,Cape Winelands,FALSE,3998,NA,NA,Stakeholder Consensus,
Prevalence,MSM,2016,Western Cape,Cape Winelands,FALSE,0.3,NA,NA,Stakeholder Consensus,
Aware of Status,MSM,2016,Western Cape,Cape Winelands,FALSE,0.27,NA,NA,Stakeholder Consensus,
On ART,MSM,2016,Western Cape,Cape Winelands,FALSE,0.63,NA,NA,Stakeholder Consensus,
Virally Suppressed,MSM,2016,Western Cape,Cape Winelands,FALSE,0.702,NA,NA,Stakeholder Consensus,
Size Estimate,MSM,2016,Western Cape,Eden,FALSE,3217,NA,NA,Stakeholder Consensus,
Prevalence,MSM,2016,Western Cape,Eden,FALSE,0.3,NA,NA,Stakeholder Consensus,
Aware of Status,MSM,2016,Western Cape,Eden,FALSE,0.27,NA,NA,Stakeholder Consensus,
On ART,MSM,2016,Western Cape,Eden,FALSE,0.63,NA,NA,Stakeholder Consensus,
Virally Suppressed,MSM,2016,Western Cape,Eden,FALSE,0.702,NA,NA,Stakeholder Consensus,
Size Estimate,MSM,2016,Western Cape,Overberg,FALSE,1373,NA,NA,Stakeholder Consensus,1.4% of male >=15 years old
Prevalence,MSM,2016,Western Cape,Overberg,FALSE,0.3,NA,NA,Unadjusted for RDS,PLoS One Paper (https://journals.plos.org/plosone/article?id=10.1371/journal.pone.0111063)
Aware of Status,MSM,2016,Western Cape,Overberg,FALSE,0.27,NA,NA,Unadjusted for RDS,PLoS One Paper (https://journals.plos.org/plosone/article?id=10.1371/journal.pone.0111063)
On ART,MSM,2016,Western Cape,Overberg,FALSE,0.63,NA,NA,Unadjusted for RDS,PLoS One Paper (https://journals.plos.org/plosone/article?id=10.1371/journal.pone.0111063)
Virally Suppressed,MSM,2016,Western Cape,Overberg,FALSE,0.702,NA,NA,,Not measured
Size Estimate,MSM,2016,Western Cape,West Coast,FALSE,2019,NA,NA,Stakeholder Consensus,1.4% of male >=15 years old
Prevalence,MSM,2016,Western Cape,West Coast,FALSE,0.3,NA,NA,Unadjusted for RDS,PLoS One Paper (https://journals.plos.org/plosone/article?id=10.1371/journal.pone.0111063)
Aware of Status,MSM,2016,Western Cape,West Coast,FALSE,0.27,NA,NA,Unadjusted for RDS,PLoS One Paper (https://journals.plos.org/plosone/article?id=10.1371/journal.pone.0111063)
On ART,MSM,2016,Western Cape,West Coast,FALSE,0.63,NA,NA,Unadjusted for RDS,PLoS One Paper (https://journals.plos.org/plosone/article?id=10.1371/journal.pone.0111063)
Virally Suppressed,MSM,2016,Western Cape,West Coast,FALSE,0.702,NA,NA,,Not measured
Size Estimate,FSW,2018,Gauteng,Johannesburg,FALSE,7981,5534,11013,Anchored multiplier PSE / Stakeholder feedback and consensus (Feb. 2019),Report Population Size Estimation and HIV care and treatment cascades Updates for Female Sex Workers in South Africa
Prevalence,FSW,2018,Gauteng,Johannesburg,FALSE,0.583,0.527,0.639,RDS-adjusted (use self-reported network size - Giles' SS weights),Report Population Size Estimation and HIV care and treatment cascades Updates for Female Sex Workers in South Africa
Aware of Status,FSW,2018,Gauteng,Johannesburg,FALSE,0.812,0.756,0.867,RDS-adjusted (use self-reported network size - Giles' SS weights),Report Population Size Estimation and HIV care and treatment cascades Updates for Female Sex Workers in South Africa
On ART,FSW,2018,Gauteng,Johannesburg,FALSE,0.749,0.67,0.827,RDS-adjusted (use self-reported network size - Giles' SS weights),Report Population Size Estimation and HIV care and treatment cascades Updates for Female Sex Workers in South Africa
Virally Suppressed,FSW,2018,Gauteng,Johannesburg,FALSE,0.874,0.818,0.928,RDS-adjusted (use self-reported network size - Giles' SS weights),Report Population Size Estimation and HIV care and treatment cascades Updates for Female Sex Workers in South Africa
Size Estimate,FSW,2018,Western Cape,Cape Town,FALSE,6678,4559,9204,Anchored multiplier PSE / Stakeholder feedback and consensus (Feb. 2019),Report Population Size Estimation and HIV care and treatment cascades Updates for Female Sex Workers in South Africa
Prevalence,FSW,2018,Western Cape,Cape Town,FALSE,0.425,0.370,0.480,RDS-adjusted (use self-reported network size - Giles' SS weights),Report Population Size Estimation and HIV care and treatment cascades Updates for Female Sex Workers in South Africa
Aware of Status,FSW,2018,Western Cape,Cape Town,FALSE,0.734,0.664,0.804,RDS-adjusted (use self-reported network size - Giles' SS weights),Report Population Size Estimation and HIV care and treatment cascades Updates for Female Sex Workers in South Africa
On ART,FSW,2018,Western Cape,Cape Town,FALSE,0.414,0.297,0.532,RDS-adjusted (use self-reported network size - Giles' SS weights),Report Population Size Estimation and HIV care and treatment cascades Updates for Female Sex Workers in South Africa
Virally Suppressed,FSW,2018,Western Cape,Cape Town,FALSE,0.725,0.557,0.886,RDS-adjusted (use self-reported network size - Giles' SS weights),Report Population Size Estimation and HIV care and treatment cascades Updates for Female Sex Workers in South Africa
Size Estimate,FSW,2018,Kwa-Zulu Natal,eThekwini,FALSE,9304,8622,10001,Anchored multiplier PSE / Stakeholder feedback and consensus (Feb. 2019),Report Population Size Estimation and HIV care and treatment cascades Updates for Female Sex Workers in South Africa
Prevalence,FSW,2018,Kwa-Zulu Natal,eThekwini,FALSE,0.778,0.727,0.828,RDS-adjusted (use self-reported network size - Giles' SS weights),Report Population Size Estimation and HIV care and treatment cascades Updates for Female Sex Workers in South Africa
Aware of Status,FSW,2018,Kwa-Zulu Natal,eThekwini,FALSE,0.878,0.84,0.916,RDS-adjusted (use self-reported network size - Giles' SS weights),Report Population Size Estimation and HIV care and treatment cascades Updates for Female Sex Workers in South Africa
On ART,FSW,2018,Kwa-Zulu Natal,eThekwini,FALSE,0.62,0.528,0.711,RDS-adjusted (use self-reported network size - Giles' SS weights),Report Population Size Estimation and HIV care and treatment cascades Updates for Female Sex Workers in South Africa
Virally Suppressed,FSW,2018,Kwa-Zulu Natal,eThekwini,FALSE,0.848,0.786,0.909,RDS-adjusted (use self-reported network size - Giles' SS weights),Report Population Size Estimation and HIV care and treatment cascades Updates for Female Sex Workers in South Africa
Size Estimate,FSW,2014,Gauteng,Johannesburg,FALSE,7697,5000,10895,Stakeholder feedback and consensus (Sep. 2014) - Plausibility Bounds of Final Estimate,SAHMS Final Report 2013-14 
Prevalence,FSW,2014,Gauteng,Johannesburg,FALSE,0.718,0.565,0.812,RDS-adjusted (used  self-reported network size - RDS II weights with enhanced data-smoothing),SAHMS Final Report 2013-14 
Aware of Status,FSW,2014,Gauteng,Johannesburg,FALSE,0.738,0.589,0.887,RDS-adjusted (used  self-reported network size - RDS II weights with enhanced data-smoothing),SAHMS Final Report 2013-14 
On ART,FSW,2014,Gauteng,Johannesburg,FALSE,0.234,0.088,0.506,RDS-adjusted (used  self-reported network size - RDS II weights with enhanced data-smoothing),SAHMS Final Report 2013-14 
Virally Suppressed,FSW,2014,Gauteng,Johannesburg,FALSE,0.8,NA,NA,"Not measured, but based on stakeholder consensus (Feb. 2018) assumed to be 80% of those on ART",
Size Estimate,FSW,2014,Western Cape,Cape Town,FALSE,6500,4579,9000,Stakeholder feedback and consensus (Sep. 2014) - Plausibility Bounds of Final Estimate,SAHMS Final Report 2013-14 
Prevalence,FSW,2014,Western Cape,Cape Town,FALSE,0.397,0.301,0.498,RDS-adjusted (used  self-reported network size - RDS II weights with enhanced data-smoothing),SAHMS Final Report 2013-14 
Aware of Status,FSW,2014,Western Cape,Cape Town,FALSE,0.567,0.402,0.732,RDS-adjusted (used  self-reported network size - RDS II weights with enhanced data-smoothing),SAHMS Final Report 2013-14 
On ART,FSW,2014,Western Cape,Cape Town,FALSE,0.453,0.258,0.686,RDS-adjusted (used  self-reported network size - RDS II weights with enhanced data-smoothing),SAHMS Final Report 2013-14 
Virally Suppressed,FSW,2014,Western Cape,Cape Town,FALSE,0.8,NA,NA,"Not measured, but based on stakeholder consensus (Feb. 2018) assumed to be 80% of those on ART",
Size Estimate,FSW,2014,Kwa-Zulu Natal,eThekwini,FALSE,9323,4000,10000,Stakeholder feedback and consensus (Sep. 2014) - Plausibility Bounds of Final Estimate,SAHMS Final Report 2013-14 
Prevalence,FSW,2014,Kwa-Zulu Natal,eThekwini,FALSE,0.535,0.375,0.655,RDS-adjusted (used  self-reported network size - RDS II weights with enhanced data-smoothing),SAHMS Final Report 2013-14 
Aware of Status,FSW,2014,Kwa-Zulu Natal,eThekwini,FALSE,0.77,0.617,0.923,RDS-adjusted (used  self-reported network size - RDS II weights with enhanced data-smoothing),SAHMS Final Report 2013-14 
On ART,FSW,2014,Kwa-Zulu Natal,eThekwini,FALSE,0.359,0.263,0.517,RDS-adjusted (used  self-reported network size - RDS II weights with enhanced data-smoothing),SAHMS Final Report 2013-14 
Virally Suppressed,FSW,2014,Kwa-Zulu Natal,eThekwini,FALSE,0.8,NA,NA,"Not measured, but based on stakeholder consensus (Feb. 2018) assumed to be 80% of those on ART",
Size Estimate,FSW,2014,Eastern Cape,Alfred Nzo,FALSE,1641,NA,NA,Stakeholder consensus Feb2017,
Prevalence,FSW,2014,Eastern Cape,Alfred Nzo,FALSE,0.53,NA,NA,Stakeholder consensus Feb2017,
Aware of Status,FSW,2014,Eastern Cape,Alfred Nzo,FALSE,0.738,NA,NA,Stakeholder consensus Feb2017,
On ART,FSW,2014,Eastern Cape,Alfred Nzo,FALSE,0.32,NA,NA,Stakeholder consensus Feb2017,
Virally Suppressed,FSW,2014,Eastern Cape,Alfred Nzo,FALSE,0.752,NA,NA,Stakeholder consensus Feb2017,
Size Estimate,FSW,2014,Kwa-Zulu Natal,Amajuba,FALSE,1067,NA,NA,Stakeholder consensus Feb2017,
Prevalence,FSW,2014,Kwa-Zulu Natal,Amajuba,FALSE,0.53,NA,NA,Stakeholder consensus Feb2017,
Aware of Status,FSW,2014,Kwa-Zulu Natal,Amajuba,FALSE,0.738,NA,NA,Stakeholder consensus Feb2017,
On ART,FSW,2014,Kwa-Zulu Natal,Amajuba,FALSE,0.32,NA,NA,Stakeholder consensus Feb2017,
Virally Suppressed,FSW,2014,Kwa-Zulu Natal,Amajuba,FALSE,0.752,NA,NA,Stakeholder consensus Feb2017,
Size Estimate,FSW,2014,Eastern Cape,Amathole,FALSE,1966,NA,NA,Stakeholder consensus Feb2017,
Prevalence,FSW,2014,Eastern Cape,Amathole,FALSE,0.53,NA,NA,Stakeholder consensus Feb2017,
Aware of Status,FSW,2014,Eastern Cape,Amathole,FALSE,0.738,NA,NA,Stakeholder consensus Feb2017,
On ART,FSW,2014,Eastern Cape,Amathole,FALSE,0.32,NA,NA,Stakeholder consensus Feb2017,
Virally Suppressed,FSW,2014,Eastern Cape,Amathole,FALSE,0.752,NA,NA,Stakeholder consensus Feb2017,
Size Estimate,FSW,2014,North West,Bojanala Platinum,FALSE,3098,NA,NA,Stakeholder consensus Feb2017,
Prevalence,FSW,2014,North West,Bojanala Platinum,FALSE,0.53,NA,NA,Stakeholder consensus Feb2017,
Aware of Status,FSW,2014,North West,Bojanala Platinum,FALSE,0.738,NA,NA,Stakeholder consensus Feb2017,
On ART,FSW,2014,North West,Bojanala Platinum,FALSE,0.32,NA,NA,Stakeholder consensus Feb2017,
Virally Suppressed,FSW,2014,North West,Bojanala Platinum,FALSE,0.752,NA,NA,Stakeholder consensus Feb2017,
Size Estimate,FSW,2014,Eastern Cape,Buffalo City Metropolitan,FALSE,1792,NA,NA,Stakeholder consensus Feb2017,
Prevalence,FSW,2014,Eastern Cape,Buffalo City Metropolitan,FALSE,0.53,NA,NA,Stakeholder consensus Feb2017,
Aware of Status,FSW,2014,Eastern Cape,Buffalo City Metropolitan,FALSE,0.738,NA,NA,Stakeholder consensus Feb2017,
On ART,FSW,2014,Eastern Cape,Buffalo City Metropolitan,FALSE,0.32,NA,NA,Stakeholder consensus Feb2017,
Virally Suppressed,FSW,2014,Eastern Cape,Buffalo City Metropolitan,FALSE,0.752,NA,NA,Stakeholder consensus Feb2017,
Size Estimate,FSW,2014,Eastern Cape,Cacadu,FALSE,1019,NA,NA,Stakeholder consensus Feb2017,
Prevalence,FSW,2014,Eastern Cape,Cacadu,FALSE,0.53,NA,NA,Stakeholder consensus Feb2017,
Aware of Status,FSW,2014,Eastern Cape,Cacadu,FALSE,0.738,NA,NA,Stakeholder consensus Feb2017,
On ART,FSW,2014,Eastern Cape,Cacadu,FALSE,0.32,NA,NA,Stakeholder consensus Feb2017,
Virally Suppressed,FSW,2014,Eastern Cape,Cacadu,FALSE,0.752,NA,NA,Stakeholder consensus Feb2017,
Size Estimate,FSW,2014,Western Cape,Cape Winelands,FALSE,1791,NA,NA,Stakeholder consensus Feb2017,
Prevalence,FSW,2014,Western Cape,Cape Winelands,FALSE,0.53,NA,NA,Stakeholder consensus Feb2017,
Aware of Status,FSW,2014,Western Cape,Cape Winelands,FALSE,0.738,NA,NA,Stakeholder consensus Feb2017,
On ART,FSW,2014,Western Cape,Cape Winelands,FALSE,0.32,NA,NA,Stakeholder consensus Feb2017,
Virally Suppressed,FSW,2014,Western Cape,Cape Winelands,FALSE,0.752,NA,NA,Stakeholder consensus Feb2017,
Size Estimate,FSW,2014,Limpopo,Capricorn,FALSE,2771,NA,NA,Stakeholder consensus Feb2017,
Prevalence,FSW,2014,Limpopo,Capricorn,FALSE,0.53,NA,NA,Stakeholder consensus Feb2017,
Aware of Status,FSW,2014,Limpopo,Capricorn,FALSE,0.738,NA,NA,Stakeholder consensus Feb2017,
On ART,FSW,2014,Limpopo,Capricorn,FALSE,0.32,NA,NA,Stakeholder consensus Feb2017,
Virally Suppressed,FSW,2014,Limpopo,Capricorn,FALSE,0.752,NA,NA,Stakeholder consensus Feb2017,
Size Estimate,FSW,2014,Eastern Cape,Chris Hani,FALSE,1711,NA,NA,Stakeholder consensus Feb2017,
Prevalence,FSW,2014,Eastern Cape,Chris Hani,FALSE,0.53,NA,NA,Stakeholder consensus Feb2017,
Aware of Status,FSW,2014,Eastern Cape,Chris Hani,FALSE,0.738,NA,NA,Stakeholder consensus Feb2017,
On ART,FSW,2014,Eastern Cape,Chris Hani,FALSE,0.32,NA,NA,Stakeholder consensus Feb2017,
Virally Suppressed,FSW,2014,Eastern Cape,Chris Hani,FALSE,0.752,NA,NA,Stakeholder consensus Feb2017,
Size Estimate,FSW,2014,Gauteng,Tshwane Metropolitan,FALSE,5435,NA,NA,Stakeholder consensus Feb2017,
Prevalence,FSW,2014,Gauteng,Tshwane Metropolitan,FALSE,0.53,NA,NA,Stakeholder consensus Feb2017,
Aware of Status,FSW,2014,Gauteng,Tshwane Metropolitan,FALSE,0.738,NA,NA,Stakeholder consensus Feb2017,
On ART,FSW,2014,Gauteng,Tshwane Metropolitan,FALSE,0.32,NA,NA,Stakeholder consensus Feb2017,
Virally Suppressed,FSW,2014,Gauteng,Tshwane Metropolitan,FALSE,0.8,NA,NA,Stakeholder consensus Feb2017,
Size Estimate,FSW,2014,North West,Dr Kenneth Kaunda,FALSE,1510,NA,NA,Stakeholder consensus Feb2017,
Prevalence,FSW,2014,North West,Dr Kenneth Kaunda,FALSE,0.53,NA,NA,Stakeholder consensus Feb2017,
Aware of Status,FSW,2014,North West,Dr Kenneth Kaunda,FALSE,0.738,NA,NA,Stakeholder consensus Feb2017,
On ART,FSW,2014,North West,Dr Kenneth Kaunda,FALSE,0.32,NA,NA,Stakeholder consensus Feb2017,
Virally Suppressed,FSW,2014,North West,Dr Kenneth Kaunda,FALSE,0.752,NA,NA,Stakeholder consensus Feb2017,
Size Estimate,FSW,2014,North West,Dr Ruth Segomotsi Mompati,FALSE,953,NA,NA,Stakeholder consensus Feb2017,
Prevalence,FSW,2014,North West,Dr Ruth Segomotsi Mompati,FALSE,0.53,NA,NA,Stakeholder consensus Feb2017,
Aware of Status,FSW,2014,North West,Dr Ruth Segomotsi Mompati,FALSE,0.738,NA,NA,Stakeholder consensus Feb2017,
On ART,FSW,2014,North West,Dr Ruth Segomotsi Mompati,FALSE,0.32,NA,NA,Stakeholder consensus Feb2017,
Virally Suppressed,FSW,2014,North West,Dr Ruth Segomotsi Mompati,FALSE,0.752,NA,NA,Stakeholder consensus Feb2017,
Size Estimate,FSW,2014,Western Cape,Eden,FALSE,1472,NA,NA,Stakeholder consensus Feb2017,
Prevalence,FSW,2014,Western Cape,Eden,FALSE,0.53,NA,NA,Stakeholder consensus Feb2017,
Aware of Status,FSW,2014,Western Cape,Eden,FALSE,0.738,NA,NA,Stakeholder consensus Feb2017,
On ART,FSW,2014,Western Cape,Eden,FALSE,0.32,NA,NA,Stakeholder consensus Feb2017,
Virally Suppressed,FSW,2014,Western Cape,Eden,FALSE,0.752,NA,NA,Stakeholder consensus Feb2017,
Size Estimate,FSW,2014,Mpumalanga,Ehlanzeni,FALSE,3648,NA,NA,Stakeholder consensus Feb2017,
Prevalence,FSW,2014,Mpumalanga,Ehlanzeni,FALSE,0.53,NA,NA,Stakeholder consensus Feb2017,
Aware of Status,FSW,2014,Mpumalanga,Ehlanzeni,FALSE,0.738,NA,NA,Stakeholder consensus Feb2017,
On ART,FSW,2014,Mpumalanga,Ehlanzeni,FALSE,0.32,NA,NA,Stakeholder consensus Feb2017,
Virally Suppressed,FSW,2014,Mpumalanga,Ehlanzeni,FALSE,0.752,NA,NA,Stakeholder consensus Feb2017,
Size Estimate,FSW,2014,Gauteng,Ekurhuleni Metropolitan,FALSE,5606,NA,NA,Stakeholder consensus Feb2017,
Prevalence,FSW,2014,Gauteng,Ekurhuleni Metropolitan,FALSE,0.53,NA,NA,Stakeholder consensus Feb2017,
Aware of Status,FSW,2014,Gauteng,Ekurhuleni Metropolitan,FALSE,0.738,NA,NA,Stakeholder consensus Feb2017,
On ART,FSW,2014,Gauteng,Ekurhuleni Metropolitan,FALSE,0.32,NA,NA,Stakeholder consensus Feb2017,
Virally Suppressed,FSW,2014,Gauteng,Ekurhuleni Metropolitan,FALSE,0.8,NA,NA,Stakeholder consensus Feb2017,
Size Estimate,FSW,2014,Free State,Fezile Dabi,FALSE,1066,NA,NA,Stakeholder consensus Feb2017,
Prevalence,FSW,2014,Free State,Fezile Dabi,FALSE,0.53,NA,NA,Stakeholder consensus Feb2017,
Aware of Status,FSW,2014,Free State,Fezile Dabi,FALSE,0.738,NA,NA,Stakeholder consensus Feb2017,
On ART,FSW,2014,Free State,Fezile Dabi,FALSE,0.32,NA,NA,Stakeholder consensus Feb2017,
Virally Suppressed,FSW,2014,Free State,Fezile Dabi,FALSE,0.752,NA,NA,Stakeholder consensus Feb2017,
Size Estimate,FSW,2014,Northern Cape,Frances Baard,FALSE,847,NA,NA,Stakeholder consensus Feb2017,
Prevalence,FSW,2014,Northern Cape,Frances Baard,FALSE,0.53,NA,NA,Stakeholder consensus Feb2017,
Aware of Status,FSW,2014,Northern Cape,Frances Baard,FALSE,0.738,NA,NA,Stakeholder consensus Feb2017,
On ART,FSW,2014,Northern Cape,Frances Baard,FALSE,0.32,NA,NA,Stakeholder consensus Feb2017,
Virally Suppressed,FSW,2014,Northern Cape,Frances Baard,FALSE,0.752,NA,NA,Stakeholder consensus Feb2017,
Size Estimate,FSW,2014,Mpumalanga,Gert Sibande,FALSE,2190,NA,NA,Stakeholder consensus Feb2017,
Prevalence,FSW,2014,Mpumalanga,Gert Sibande,FALSE,0.53,NA,NA,Stakeholder consensus Feb2017,
Aware of Status,FSW,2014,Mpumalanga,Gert Sibande,FALSE,0.738,NA,NA,Stakeholder consensus Feb2017,
On ART,FSW,2014,Mpumalanga,Gert Sibande,FALSE,0.32,NA,NA,Stakeholder consensus Feb2017,
Virally Suppressed,FSW,2014,Mpumalanga,Gert Sibande,FALSE,0.752,NA,NA,Stakeholder consensus Feb2017,
Size Estimate,FSW,2014,Kwa-Zulu Natal,Harry Gwala,FALSE,965,NA,NA,Stakeholder consensus Feb2017,
Prevalence,FSW,2014,Kwa-Zulu Natal,Harry Gwala,FALSE,0.53,NA,NA,Stakeholder consensus Feb2017,
Aware of Status,FSW,2014,Kwa-Zulu Natal,Harry Gwala,FALSE,0.738,NA,NA,Stakeholder consensus Feb2017,
On ART,FSW,2014,Kwa-Zulu Natal,Harry Gwala,FALSE,0.32,NA,NA,Stakeholder consensus Feb2017,
Virally Suppressed,FSW,2014,Kwa-Zulu Natal,Harry Gwala,FALSE,0.752,NA,NA,Stakeholder consensus Feb2017,
Size Estimate,FSW,2014,Eastern Cape,Joe Gqabi,FALSE,754,NA,NA,Stakeholder consensus Feb2017,
Prevalence,FSW,2014,Eastern Cape,Joe Gqabi,FALSE,0.53,NA,NA,Stakeholder consensus Feb2017,
Aware of Status,FSW,2014,Eastern Cape,Joe Gqabi,FALSE,0.738,NA,NA,Stakeholder consensus Feb2017,
On ART,FSW,2014,Eastern Cape,Joe Gqabi,FALSE,0.32,NA,NA,Stakeholder consensus Feb2017,
Virally Suppressed,FSW,2014,Eastern Cape,Joe Gqabi,FALSE,0.752,NA,NA,Stakeholder consensus Feb2017,
Size Estimate,FSW,2014,Northern Cape,John Taolo Gaetsewe,FALSE,471,NA,NA,Stakeholder consensus Feb2017,
Prevalence,FSW,2014,Northern Cape,John Taolo Gaetsewe,FALSE,0.53,NA,NA,Stakeholder consensus Feb2017,
Aware of Status,FSW,2014,Northern Cape,John Taolo Gaetsewe,FALSE,0.738,NA,NA,Stakeholder consensus Feb2017,
On ART,FSW,2014,Northern Cape,John Taolo Gaetsewe,FALSE,0.32,NA,NA,Stakeholder consensus Feb2017,
Virally Suppressed,FSW,2014,Northern Cape,John Taolo Gaetsewe,FALSE,0.752,NA,NA,Stakeholder consensus Feb2017,
Size Estimate,FSW,2014,Free State,Lejweleputswa,FALSE,1367,NA,NA,Stakeholder consensus Feb2017,
Prevalence,FSW,2014,Free State,Lejweleputswa,FALSE,0.53,NA,NA,Stakeholder consensus Feb2017,
Aware of Status,FSW,2014,Free State,Lejweleputswa,FALSE,0.738,NA,NA,Stakeholder consensus Feb2017,
On ART,FSW,2014,Free State,Lejweleputswa,FALSE,0.32,NA,NA,Stakeholder consensus Feb2017,
Virally Suppressed,FSW,2014,Free State,Lejweleputswa,FALSE,0.752,NA,NA,Stakeholder consensus Feb2017,
Size Estimate,FSW,2014,Free State,Mangaung Metropolitan,FALSE,1228,NA,NA,Stakeholder consensus Feb2017,
Prevalence,FSW,2014,Free State,Mangaung Metropolitan,FALSE,0.53,NA,NA,Stakeholder consensus Feb2017,
Aware of Status,FSW,2014,Free State,Mangaung Metropolitan,FALSE,0.738,NA,NA,Stakeholder consensus Feb2017,
On ART,FSW,2014,Free State,Mangaung Metropolitan,FALSE,0.32,NA,NA,Stakeholder consensus Feb2017,
Virally Suppressed,FSW,2014,Free State,Mangaung Metropolitan,FALSE,0.752,NA,NA,Stakeholder consensus Feb2017,
Size Estimate,FSW,2014,Limpopo,Mopani,FALSE,2445,NA,NA,Stakeholder consensus Feb2017,
Prevalence,FSW,2014,Limpopo,Mopani,FALSE,0.53,NA,NA,Stakeholder consensus Feb2017,
Aware of Status,FSW,2014,Limpopo,Mopani,FALSE,0.738,NA,NA,Stakeholder consensus Feb2017,
On ART,FSW,2014,Limpopo,Mopani,FALSE,0.32,NA,NA,Stakeholder consensus Feb2017,
Virally Suppressed,FSW,2014,Limpopo,Mopani,FALSE,0.752,NA,NA,Stakeholder consensus Feb2017,
Size Estimate,FSW,2014,Northern Cape,Namakwa,FALSE,433,NA,NA,Stakeholder consensus Feb2017,
Prevalence,FSW,2014,Northern Cape,Namakwa,FALSE,0.53,NA,NA,Stakeholder consensus Feb2017,
Aware of Status,FSW,2014,Northern Cape,Namakwa,FALSE,0.738,NA,NA,Stakeholder consensus Feb2017,
On ART,FSW,2014,Northern Cape,Namakwa,FALSE,0.32,NA,NA,Stakeholder consensus Feb2017,
Virally Suppressed,FSW,2014,Northern Cape,Namakwa,FALSE,0.643,NA,NA,Stakeholder consensus Feb2017,
Size Estimate,FSW,2014,Eastern Cape,Nelson Mandela Bay,FALSE,2179,NA,NA,Stakeholder consensus Feb2017,
Prevalence,FSW,2014,Eastern Cape,Nelson Mandela Bay,FALSE,0.53,NA,NA,Stakeholder consensus Feb2017,
Aware of Status,FSW,2014,Eastern Cape,Nelson Mandela Bay,FALSE,0.738,NA,NA,Stakeholder consensus Feb2017,
On ART,FSW,2014,Eastern Cape,Nelson Mandela Bay,FALSE,0.32,NA,NA,Stakeholder consensus Feb2017,
Virally Suppressed,FSW,2014,Eastern Cape,Nelson Mandela Bay,FALSE,0.8,NA,NA,Stakeholder consensus Feb2017,
Size Estimate,FSW,2014,North West,Ngaka Modiri Molema,FALSE,1753,NA,NA,Stakeholder consensus Feb2017,
Prevalence,FSW,2014,North West,Ngaka Modiri Molema,FALSE,0.53,NA,NA,Stakeholder consensus Feb2017,
Aware of Status,FSW,2014,North West,Ngaka Modiri Molema,FALSE,0.738,NA,NA,Stakeholder consensus Feb2017,
On ART,FSW,2014,North West,Ngaka Modiri Molema,FALSE,0.32,NA,NA,Stakeholder consensus Feb2017,
Virally Suppressed,FSW,2014,North West,Ngaka Modiri Molema,FALSE,0.752,NA,NA,Stakeholder consensus Feb2017,
Size Estimate,FSW,2014,Mpumalanga,Nkangala,FALSE,2801,NA,NA,Stakeholder consensus Feb2017,
Prevalence,FSW,2014,Mpumalanga,Nkangala,FALSE,0.53,NA,NA,Stakeholder consensus Feb2017,
Aware of Status,FSW,2014,Mpumalanga,Nkangala,FALSE,0.738,NA,NA,Stakeholder consensus Feb2017,
On ART,FSW,2014,Mpumalanga,Nkangala,FALSE,0.32,NA,NA,Stakeholder consensus Feb2017,
Virally Suppressed,FSW,2014,Mpumalanga,Nkangala,FALSE,0.752,NA,NA,Stakeholder consensus Feb2017,
Size Estimate,FSW,2014,Eastern Cape,Oliver Tambo,FALSE,2835,NA,NA,Stakeholder consensus Feb2017,
Prevalence,FSW,2014,Eastern Cape,Oliver Tambo,FALSE,0.53,NA,NA,Stakeholder consensus Feb2017,
Aware of Status,FSW,2014,Eastern Cape,Oliver Tambo,FALSE,0.738,NA,NA,Stakeholder consensus Feb2017,
On ART,FSW,2014,Eastern Cape,Oliver Tambo,FALSE,0.32,NA,NA,Stakeholder consensus Feb2017,
Virally Suppressed,FSW,2014,Eastern Cape,Oliver Tambo,FALSE,0.752,NA,NA,Stakeholder consensus Feb2017,
Size Estimate,FSW,2014,Western Cape,Overberg,FALSE,588,NA,NA,Stakeholder consensus Feb2017,
Prevalence,FSW,2014,Western Cape,Overberg,FALSE,0.53,NA,NA,Stakeholder consensus Feb2017,
Aware of Status,FSW,2014,Western Cape,Overberg,FALSE,0.738,NA,NA,Stakeholder consensus Feb2017,
On ART,FSW,2014,Western Cape,Overberg,FALSE,0.32,NA,NA,Stakeholder consensus Feb2017,
Virally Suppressed,FSW,2014,Western Cape,Overberg,FALSE,0.752,NA,NA,Stakeholder consensus Feb2017,
Size Estimate,FSW,2014,Northern Cape,Pixley ka Seme,FALSE,652,NA,NA,Stakeholder consensus Feb2017,
Prevalence,FSW,2014,Northern Cape,Pixley ka Seme,FALSE,0.53,NA,NA,Stakeholder consensus Feb2017,
Aware of Status,FSW,2014,Northern Cape,Pixley ka Seme,FALSE,0.738,NA,NA,Stakeholder consensus Feb2017,
On ART,FSW,2014,Northern Cape,Pixley ka Seme,FALSE,0.32,NA,NA,Stakeholder consensus Feb2017,
Virally Suppressed,FSW,2014,Northern Cape,Pixley ka Seme,FALSE,0.643,NA,NA,Stakeholder consensus Feb2017,
Size Estimate,FSW,2014,Gauteng,Sedibeng,FALSE,2073,NA,NA,Stakeholder consensus Feb2017,
Prevalence,FSW,2014,Gauteng,Sedibeng,FALSE,0.53,NA,NA,Stakeholder consensus Feb2017,
Aware of Status,FSW,2014,Gauteng,Sedibeng,FALSE,0.738,NA,NA,Stakeholder consensus Feb2017,
On ART,FSW,2014,Gauteng,Sedibeng,FALSE,0.32,NA,NA,Stakeholder consensus Feb2017,
Virally Suppressed,FSW,2014,Gauteng,Sedibeng,FALSE,0.752,NA,NA,Stakeholder consensus Feb2017,
Size Estimate,FSW,2014,Limpopo,Sekhukhune,FALSE,2326,NA,NA,Stakeholder consensus Feb2017,
Prevalence,FSW,2014,Limpopo,Sekhukhune,FALSE,0.53,NA,NA,Stakeholder consensus Feb2017,
Aware of Status,FSW,2014,Limpopo,Sekhukhune,FALSE,0.738,NA,NA,Stakeholder consensus Feb2017,
On ART,FSW,2014,Limpopo,Sekhukhune,FALSE,0.32,NA,NA,Stakeholder consensus Feb2017,
Virally Suppressed,FSW,2014,Limpopo,Sekhukhune,FALSE,0.752,NA,NA,Stakeholder consensus Feb2017,
Size Estimate,FSW,2014,Free State,Thabo Mofutsanyane,FALSE,1659,NA,NA,Stakeholder consensus Feb2017,
Prevalence,FSW,2014,Free State,Thabo Mofutsanyane,FALSE,0.53,NA,NA,Stakeholder consensus Feb2017,
Aware of Status,FSW,2014,Free State,Thabo Mofutsanyane,FALSE,0.738,NA,NA,Stakeholder consensus Feb2017,
On ART,FSW,2014,Free State,Thabo Mofutsanyane,FALSE,0.32,NA,NA,Stakeholder consensus Feb2017,
Virally Suppressed,FSW,2014,Free State,Thabo Mofutsanyane,FALSE,0.752,NA,NA,Stakeholder consensus Feb2017,
Size Estimate,FSW,2014,Kwa-Zulu Natal,Ugu,FALSE,1590,NA,NA,Stakeholder consensus Feb2017,
Prevalence,FSW,2014,Kwa-Zulu Natal,Ugu,FALSE,0.53,NA,NA,Stakeholder consensus Feb2017,
Aware of Status,FSW,2014,Kwa-Zulu Natal,Ugu,FALSE,0.738,NA,NA,Stakeholder consensus Feb2017,
On ART,FSW,2014,Kwa-Zulu Natal,Ugu,FALSE,0.32,NA,NA,Stakeholder consensus Feb2017,
Virally Suppressed,FSW,2014,Kwa-Zulu Natal,Ugu,FALSE,0.752,NA,NA,Stakeholder consensus Feb2017,
Size Estimate,FSW,2014,Kwa-Zulu Natal,Umkhanyakude,FALSE,1279,NA,NA,Stakeholder consensus Feb2017,
Prevalence,FSW,2014,Kwa-Zulu Natal,Umkhanyakude,FALSE,0.53,NA,NA,Stakeholder consensus Feb2017,
Aware of Status,FSW,2014,Kwa-Zulu Natal,Umkhanyakude,FALSE,0.738,NA,NA,Stakeholder consensus Feb2017,
On ART,FSW,2014,Kwa-Zulu Natal,Umkhanyakude,FALSE,0.32,NA,NA,Stakeholder consensus Feb2017,
Virally Suppressed,FSW,2014,Kwa-Zulu Natal,Umkhanyakude,FALSE,0.752,NA,NA,Stakeholder consensus Feb2017,
Size Estimate,FSW,2014,Kwa-Zulu Natal,Umzinyathi,FALSE,1079,NA,NA,Stakeholder consensus Feb2017,
Prevalence,FSW,2014,Kwa-Zulu Natal,Umzinyathi,FALSE,0.53,NA,NA,Stakeholder consensus Feb2017,
Aware of Status,FSW,2014,Kwa-Zulu Natal,Umzinyathi,FALSE,0.738,NA,NA,Stakeholder consensus Feb2017,
On ART,FSW,2014,Kwa-Zulu Natal,Umzinyathi,FALSE,0.32,NA,NA,Stakeholder consensus Feb2017,
Virally Suppressed,FSW,2014,Kwa-Zulu Natal,Umzinyathi,FALSE,0.752,NA,NA,Stakeholder consensus Feb2017,
Size Estimate,FSW,2014,Kwa-Zulu Natal,Uthukela,FALSE,1416,NA,NA,Stakeholder consensus Feb2017,
Prevalence,FSW,2014,Kwa-Zulu Natal,Uthukela,FALSE,0.53,NA,NA,Stakeholder consensus Feb2017,
Aware of Status,FSW,2014,Kwa-Zulu Natal,Uthukela,FALSE,0.738,NA,NA,Stakeholder consensus Feb2017,
On ART,FSW,2014,Kwa-Zulu Natal,Uthukela,FALSE,0.32,NA,NA,Stakeholder consensus Feb2017,
Virally Suppressed,FSW,2014,Kwa-Zulu Natal,Uthukela,FALSE,0.752,NA,NA,Stakeholder consensus Feb2017,
Size Estimate,FSW,2014,Kwa-Zulu Natal,Uthungulu,FALSE,1942,NA,NA,Stakeholder consensus Feb2017,
Prevalence,FSW,2014,Kwa-Zulu Natal,Uthungulu,FALSE,0.53,NA,NA,Stakeholder consensus Feb2017,
Aware of Status,FSW,2014,Kwa-Zulu Natal,Uthungulu,FALSE,0.738,NA,NA,Stakeholder consensus Feb2017,
On ART,FSW,2014,Kwa-Zulu Natal,Uthungulu,FALSE,0.32,NA,NA,Stakeholder consensus Feb2017,
Virally Suppressed,FSW,2014,Kwa-Zulu Natal,Uthungulu,FALSE,0.752,NA,NA,Stakeholder consensus Feb2017,
Size Estimate,FSW,2014,Limpopo,Vhembe,FALSE,2883,NA,NA,Stakeholder consensus Feb2017,
Prevalence,FSW,2014,Limpopo,Vhembe,FALSE,0.53,NA,NA,Stakeholder consensus Feb2017,
Aware of Status,FSW,2014,Limpopo,Vhembe,FALSE,0.738,NA,NA,Stakeholder consensus Feb2017,
On ART,FSW,2014,Limpopo,Vhembe,FALSE,0.32,NA,NA,Stakeholder consensus Feb2017,
Virally Suppressed,FSW,2014,Limpopo,Vhembe,FALSE,0.752,NA,NA,Stakeholder consensus Feb2017,
Size Estimate,FSW,2014,Limpopo,Waterberg,FALSE,1413,NA,NA,Stakeholder consensus Feb2017,
Prevalence,FSW,2014,Limpopo,Waterberg,FALSE,0.53,NA,NA,Stakeholder consensus Feb2017,
Aware of Status,FSW,2014,Limpopo,Waterberg,FALSE,0.738,NA,NA,Stakeholder consensus Feb2017,
On ART,FSW,2014,Limpopo,Waterberg,FALSE,0.32,NA,NA,Stakeholder consensus Feb2017,
Virally Suppressed,FSW,2014,Limpopo,Waterberg,FALSE,0.752,NA,NA,Stakeholder consensus Feb2017,
Size Estimate,FSW,2014,Western Cape,West Coast,FALSE,887,NA,NA,Stakeholder consensus Feb2017,
Prevalence,FSW,2014,Western Cape,West Coast,FALSE,0.53,NA,NA,Stakeholder consensus Feb2017,
Aware of Status,FSW,2014,Western Cape,West Coast,FALSE,0.738,NA,NA,Stakeholder consensus Feb2017,
On ART,FSW,2014,Western Cape,West Coast,FALSE,0.32,NA,NA,Stakeholder consensus Feb2017,
Virally Suppressed,FSW,2014,Western Cape,West Coast,FALSE,0.752,NA,NA,Stakeholder consensus Feb2017,
Size Estimate,FSW,2014,Gauteng,West Rand,FALSE,1764,NA,NA,Stakeholder consensus Feb2017,
Prevalence,FSW,2014,Gauteng,West Rand,FALSE,0.53,NA,NA,Stakeholder consensus Feb2017,
Aware of Status,FSW,2014,Gauteng,West Rand,FALSE,0.738,NA,NA,Stakeholder consensus Feb2017,
On ART,FSW,2014,Gauteng,West Rand,FALSE,0.32,NA,NA,Stakeholder consensus Feb2017,
Virally Suppressed,FSW,2014,Gauteng,West Rand,FALSE,0.752,NA,NA,Stakeholder consensus Feb2017,
Size Estimate,FSW,2014,Free State,Xhariep,FALSE,524,NA,NA,Stakeholder consensus Feb2017,
Prevalence,FSW,2014,Free State,Xhariep,FALSE,0.53,NA,NA,Stakeholder consensus Feb2017,
Aware of Status,FSW,2014,Free State,Xhariep,FALSE,0.738,NA,NA,Stakeholder consensus Feb2017,
On ART,FSW,2014,Free State,Xhariep,FALSE,0.32,NA,NA,Stakeholder consensus Feb2017,
Virally Suppressed,FSW,2014,Free State,Xhariep,FALSE,0.643,NA,NA,Stakeholder consensus Feb2017,
Size Estimate,FSW,2014,Kwa-Zulu Natal,Zululand,FALSE,1641,NA,NA,Stakeholder consensus Feb2017,
Prevalence,FSW,2014,Kwa-Zulu Natal,Zululand,FALSE,0.53,NA,NA,Stakeholder consensus Feb2017,
Aware of Status,FSW,2014,Kwa-Zulu Natal,Zululand,FALSE,0.738,NA,NA,Stakeholder consensus Feb2017,
On ART,FSW,2014,Kwa-Zulu Natal,Zululand,FALSE,0.32,NA,NA,Stakeholder consensus Feb2017,
Virally Suppressed,FSW,2014,Kwa-Zulu Natal,Zululand,FALSE,0.752,NA,NA,Stakeholder consensus Feb2017,
Size Estimate,FSW,2014,Northern Cape,Zwelentlanga Fatman Mgcawu,FALSE,501,NA,NA,Stakeholder consensus Feb2017,
Prevalence,FSW,2014,Northern Cape,Zwelentlanga Fatman Mgcawu,FALSE,0.53,NA,NA,Stakeholder consensus Feb2017,
Aware of Status,FSW,2014,Northern Cape,Zwelentlanga Fatman Mgcawu,FALSE,0.738,NA,NA,Stakeholder consensus Feb2017,
On ART,FSW,2014,Northern Cape,Zwelentlanga Fatman Mgcawu,FALSE,0.32,NA,NA,Stakeholder consensus Feb2017,
Virally Suppressed,FSW,2014,Northern Cape,Zwelentlanga Fatman Mgcawu,FALSE,0.752,NA,NA,Stakeholder consensus Feb2017,
Size Estimate,FSW,2014,Kwa-Zulu Natal,iLembe,FALSE,1302,NA,NA,Stakeholder consensus Feb2017,
Prevalence,FSW,2014,Kwa-Zulu Natal,iLembe,FALSE,0.53,NA,NA,Stakeholder consensus Feb2017,
Aware of Status,FSW,2014,Kwa-Zulu Natal,iLembe,FALSE,0.738,NA,NA,Stakeholder consensus Feb2017,
On ART,FSW,2014,Kwa-Zulu Natal,iLembe,FALSE,0.32,NA,NA,Stakeholder consensus Feb2017,
Virally Suppressed,FSW,2014,Kwa-Zulu Natal,iLembe,FALSE,0.752,NA,NA,Stakeholder consensus Feb2017,
Size Estimate,FSW,2014,Kwa-Zulu Natal,uMgungundlovu,FALSE,2339,NA,NA,Stakeholder consensus Feb2017,
Prevalence,FSW,2014,Kwa-Zulu Natal,uMgungundlovu,FALSE,0.53,NA,NA,Stakeholder consensus Feb2017,
Aware of Status,FSW,2014,Kwa-Zulu Natal,uMgungundlovu,FALSE,0.738,NA,NA,Stakeholder consensus Feb2017,
On ART,FSW,2014,Kwa-Zulu Natal,uMgungundlovu,FALSE,0.32,NA,NA,Stakeholder consensus Feb2017,
Virally Suppressed,FSW,2014,Kwa-Zulu Natal,uMgungundlovu,FALSE,0.752,NA,NA,Stakeholder consensus Feb2017,
Size Estimate,PWID,2017,Gauteng,Tshwane Metropolitan,TRUE,4514,1970,7800,"Stakeholder vetting of median plausible estimates, and February 2018 Consensus PSEs","BRIEF REPORT OF THE TIPVAL STUDY, Nov. 2018"
Prevalence,PWID,2017,Gauteng,Tshwane Metropolitan,TRUE,0.584,0.529,0.638,RDS-adjusted,"BRIEF REPORT OF THE TIPVAL STUDY, Nov. 2018"
Aware of Status,PWID,2017,Gauteng,Tshwane Metropolitan,TRUE,0.459,0.386,0.542,"Not RDS-adjusted, we calculated the Exact Poisson 95% confidence intervals. Perceived HIV positive among who tested HIV-positive","BRIEF REPORT OF THE TIPVAL STUDY, Nov. 2018"
On ART,PWID,2017,Gauteng,Tshwane Metropolitan,TRUE,NA,NA,NA,Not measured,"BRIEF REPORT OF THE TIPVAL STUDY, Nov. 2018"
Virally Suppressed,PWID,2017,Gauteng,Tshwane Metropolitan,TRUE,0.155,0.114,0.206,"Not RDS-adjusted, we calculated the Exact Poisson 95% confidence intervals.","BRIEF REPORT OF THE TIPVAL STUDY, Nov. 2018"
Size Estimate,PWID,2017,Western Cape,Cape Town Metropolitan,TRUE,1518,909,2000,"Stakeholder vetting of median plausible estimates, and February 2018 Consensus PSEs","BRIEF REPORT OF THE TIPVAL STUDY, Nov. 2018"
Prevalence,PWID,2017,Western Cape,Cape Town Metropolitan,TRUE,0.114,0.077,0.152,RDS-adjusted,"BRIEF REPORT OF THE TIPVAL STUDY, Nov. 2018"
Aware of Status,PWID,2017,Western Cape,Cape Town Metropolitan,TRUE,0.417,0.233,0.687,"Not RDS-adjusted, we calculated the Exact Poisson 95% confidence intervals. Perceived HIV positive among who tested HIV-positive","BRIEF REPORT OF THE TIPVAL STUDY, Nov. 2018"
On ART,PWID,2017,Western Cape,Cape Town Metropolitan,TRUE,NA,NA,NA,Not measured,"BRIEF REPORT OF THE TIPVAL STUDY, Nov. 2018"
Virally Suppressed,PWID,2017,Western Cape,Cape Town Metropolitan,TRUE,0.361,0.192,0.618,"Not RDS-adjusted, we calculated the Exact Poisson 95% confidence intervals.","BRIEF REPORT OF THE TIPVAL STUDY, Nov. 2018"